<?xml version="1.0" encoding="UTF-8"?>
<project xmlns="http://maven.apache.org/POM/4.0.0" xmlns:xsi="http://www.w3.org/2001/XMLSchema-instance" xsi:schemaLocation="http://maven.apache.org/POM/4.0.0 http://maven.apache.org/maven-v4_0_0.xsd">
  <parent>
    <artifactId>Parent</artifactId>
    <groupId>com.barclays</groupId>
    <version>RELEASE</version>
  </parent>
  <modelVersion>4.0.0</modelVersion>
  <groupId>com.barclays</groupId>
  <artifactId>StaffwareServerPlugins</artifactId>
  <name>StaffwareServerPlugins</name>
  <version>6.0.8</version>
  <build>
    <plugins>
      <plugin>
        <artifactId>maven-jar-plugin</artifactId>
        <configuration>
          <finalName>StaffwareServerPlugins</finalName>
          <archive>
            <manifest>
              <addClasspath>true</addClasspath>
            </manifest>
          </archive>
        </configuration>
      </plugin>
      <plugin>
        <artifactId>maven-compiler-plugin</artifactId>
        <version>3.5.1</version>
        <configuration>
          <source>1.8</source>
          <target>1.8</target>
        </configuration>
      </plugin>
      <plugin>
        <artifactId>maven-shade-plugin</artifactId>
        <version>2.3</version>
        <executions>
          <execution>
            <phase>package</phase>
            <goals>
              <goal>shade</goal>
            </goals>
            <configuration>
              <transformers>
                <transformer>
                  <mainClass>com.barclays.staffware.StaffwareServerPlugins</mainClass>
                </transformer>
              </transformers>
              <filters>
                <filter>
                  <artifact>*:*</artifact>
                  <excludes>
                    <exclude>META-INF/*.SF</exclude>
                    <exclude>META-INF/*.DSA</exclude>
                    <exclude>META-INF/*.RSA</exclude>
                    <exclude>log4j*.xml</exclude>
                  </excludes>
                </filter>
              </filters>
            </configuration>
          </execution>
        </executions>
      </plugin>
    </plugins>
  </build>
  <dependencies>
    <dependency>
      <groupId>tibco</groupId>
      <artifactId>eaijava</artifactId>
      <version>1.0.0</version>
      <scope>provided</scope>
    </dependency>
    <dependency>
      <groupId>junit</groupId>
      <artifactId>junit</artifactId>
      <version>4.11</version>
      <scope>test</scope>
      <exclusions>
        <exclusion>
          <artifactId>hamcrest-core</artifactId>
          <groupId>org.hamcrest</groupId>
        </exclusion>
      </exclusions>
    </dependency>
    <dependency>
      <groupId>org.easymock</groupId>
      <artifactId>easymock</artifactId>
      <version>3.2</version>
      <scope>test</scope>
      <exclusions>
        <exclusion>
          <artifactId>cglib-nodep</artifactId>
          <groupId>cglib</groupId>
        </exclusion>
        <exclusion>
          <artifactId>objenesis</artifactId>
          <groupId>org.objenesis</groupId>
        </exclusion>
      </exclusions>
    </dependency>
    <dependency>
      <groupId>org.jboss.as</groupId>
      <artifactId>jboss-as-web</artifactId>
      <version>7.2.0.Final</version>
      <scope>provided</scope>
      <exclusions>
        <exclusion>
          <artifactId>jaxb-api</artifactId>
          <groupId>sun-jaxb</groupId>
        </exclusion>
        <exclusion>
          <artifactId>jboss-common-core</artifactId>
          <groupId>org.jboss</groupId>
        </exclusion>
        <exclusion>
          <artifactId>jboss-msc</artifactId>
          <groupId>org.jboss.msc</groupId>
        </exclusion>
        <exclusion>
          <artifactId>jboss-as-server</artifactId>
          <groupId>org.jboss.as</groupId>
        </exclusion>
        <exclusion>
          <artifactId>jboss-as-clustering-registry</artifactId>
          <groupId>org.jboss.as</groupId>
        </exclusion>
        <exclusion>
          <artifactId>jboss-as-clustering-web-spi</artifactId>
          <groupId>org.jboss.as</groupId>
        </exclusion>
        <exclusion>
          <artifactId>jboss-as-ee</artifactId>
          <groupId>org.jboss.as</groupId>
        </exclusion>
        <exclusion>
          <artifactId>jboss-as-security</artifactId>
          <groupId>org.jboss.as</groupId>
        </exclusion>
        <exclusion>
          <artifactId>jboss-metadata-common</artifactId>
          <groupId>org.jboss.metadata</groupId>
        </exclusion>
        <exclusion>
          <artifactId>jboss-metadata-web</artifactId>
          <groupId>org.jboss.metadata</groupId>
        </exclusion>
        <exclusion>
          <artifactId>jboss-annotations-api_1.1_spec</artifactId>
          <groupId>org.jboss.spec.javax.annotation</groupId>
        </exclusion>
        <exclusion>
          <artifactId>jboss-jaspi-api_1.0_spec</artifactId>
          <groupId>org.jboss.spec.javax.security.auth.message</groupId>
        </exclusion>
        <exclusion>
          <artifactId>jboss-servlet-api_3.0_spec</artifactId>
          <groupId>org.jboss.spec.javax.servlet</groupId>
        </exclusion>
        <exclusion>
          <artifactId>jboss-jsp-api_2.2_spec</artifactId>
          <groupId>org.jboss.spec.javax.servlet.jsp</groupId>
        </exclusion>
        <exclusion>
          <artifactId>jboss-logging</artifactId>
          <groupId>org.jboss.logging</groupId>
        </exclusion>
        <exclusion>
          <artifactId>ecj</artifactId>
          <groupId>org.eclipse.jdt.core.compiler</groupId>
        </exclusion>
        <exclusion>
          <artifactId>jbossweb</artifactId>
          <groupId>org.jboss.web</groupId>
        </exclusion>
        <exclusion>
          <artifactId>jboss-as-build-config</artifactId>
          <groupId>org.jboss.as</groupId>
        </exclusion>
      </exclusions>
    </dependency>
  </dependencies>
  <properties>
    <appLocation>swserver/sw_africa/eaijava/libs/repository/user</appLocation>
    <jarLocation>/</jarLocation>
  </properties>
</project>

